{"cameraMode":{"drawMode":0,"name":"Shaded","section":"Shading Mode"},"sceneLighting":false,"audioPlay":false,"sceneViewState":{"showFog":true,"showMaterialUpdate":false,"showSkybox":true,"showFlares":true,"showImageEffects":true,"showParticleSystems":true},"in2DMode":false,"pivot":{"x":0.33748507499694826,"y":-0.3065437078475952,"z":8.018458366394043},"rotation":{"x":0.030896389856934549,"y":0.350678950548172,"z":-0.01157661247998476,"w":0.9359143972396851},"size":61.90766906738281,"orthographic":true}