{"cameraMode":{"drawMode":0,"name":"Shaded","section":"Shading Mode"},"sceneLighting":false,"audioPlay":false,"sceneViewState":{"showFog":true,"showMaterialUpdate":false,"showSkybox":true,"showFlares":true,"showImageEffects":true,"showParticleSystems":true},"in2DMode":false,"pivot":{"x":0.3227583169937134,"y":0.010361433029174805,"z":7.933874130249023},"rotation":{"x":0.0029990002512931825,"y":0.025497041642665864,"z":-0.00007650034240214154,"w":0.9996704459190369},"size":10.702974319458008,"orthographic":true}