{"cameraMode":{"drawMode":0,"name":"Shaded","section":"Shading Mode"},"sceneLighting":false,"audioPlay":false,"sceneViewState":{"showFog":true,"showMaterialUpdate":false,"showSkybox":true,"showFlares":true,"showImageEffects":true,"showParticleSystems":true},"in2DMode":false,"pivot":{"x":0.0007953643798828125,"y":0.025500059127807618,"z":7.89002799987793},"rotation":{"x":-0.09828153252601624,"y":-0.10548482090234757,"z":0.01047764252871275,"w":-0.9894967675209045},"size":15.717696189880371,"orthographic":true}