{"cameraMode":{"drawMode":0,"name":"Shaded","section":"Shading Mode"},"sceneLighting":false,"audioPlay":false,"sceneViewState":{"showFog":true,"showMaterialUpdate":false,"showSkybox":true,"showFlares":true,"showImageEffects":true,"showParticleSystems":true},"in2DMode":false,"pivot":{"x":0.0003954172134399414,"y":0.10416638851165772,"z":8.329434394836426},"rotation":{"x":-0.09828153252601624,"y":-0.10548482090234757,"z":0.01047764252871275,"w":-0.9894967675209045},"size":13.832292556762696,"orthographic":true}