{"cameraMode":{"drawMode":0,"name":"Shaded","section":"Shading Mode"},"sceneLighting":false,"audioPlay":false,"sceneViewState":{"showFog":true,"showMaterialUpdate":false,"showSkybox":true,"showFlares":true,"showImageEffects":true,"showParticleSystems":true},"in2DMode":false,"pivot":{"x":0.1374419927597046,"y":0.30049896240234377,"z":7.837752819061279},"rotation":{"x":0.020318327471613885,"y":0.7008588314056397,"z":-0.019979864358901979,"w":0.7127305865287781},"size":10.1128511428833,"orthographic":true}